epoch,time,train/box_loss,train/cls_loss,train/dfl_loss,train/mixture_aux_loss,metrics/precision(B),metrics/recall(B),metrics/mAP50(B),metrics/mAP50-95(B),val/box_loss,val/cls_loss,val/dfl_loss,val/mixture_aux_loss,lr/pg0,lr/pg1,lr/pg2,lr/pg3,lr/pg4,lr/pg5,lr/pg6,lr/pg7,lr/pg8,lr/pg9,lr/pg10,lr/pg11
1,1475.31,4.8798,5.32082,3.8225,1.08761,0.61892,0.02337,0.0063,0.00171,3.37453,3.27315,2.20853,0,0.00999382,0.00333127,0.00999382,0.00333127,0.00999382,0.00333127,0.00999382,0.00333127,0.00499691,0.00166564,0.0199876,0.00666255
2,2323.79,2.90997,2.73132,1.75058,1.00099,0.04248,0.1611,0.04331,0.01733,2.58126,2.32911,1.42236,0,0.0198289,0.00660962,0.0198289,0.00660962,0.0198289,0.00660962,0.0198289,0.00660962,0.00991444,0.00330481,0.0396577,0.0132192
3,3161.26,2.45636,2.28085,1.3881,1.00129,0.33388,0.13149,0.07404,0.03261,2.21254,1.93218,1.28523,0,0.0294989,0.00983297,0.0294989,0.00983297,0.0294989,0.00983297,0.0294989,0.00983297,0.0147495,0.00491649,0.0589978,0.0196659
4,3958.91,2.25424,2.07517,1.2616,0.99874,0.26879,0.14812,0.09304,0.04289,2.08274,1.80264,1.18474,0,0.0292575,0.0097525,0.0292575,0.0097525,0.0292575,0.0097525,0.0292575,0.0097525,0.0146287,0.00487625,0.058515,0.019505
5,4749.54,2.11187,1.91124,1.19517,0.99847,0.26525,0.16463,0.09212,0.04363,2.0141,1.77932,1.15496,0,0.02901,0.00967,0.02901,0.00967,0.02901,0.00967,0.02901,0.00967,0.014505,0.004835,0.05802,0.01934
6,5491.23,2.03601,1.82341,1.16102,0.99853,0.20152,0.18569,0.12396,0.0599,1.92731,1.61038,1.1221,0,0.0287625,0.0095875,0.0287625,0.0095875,0.0287625,0.0095875,0.0287625,0.0095875,0.0143812,0.00479375,0.057525,0.019175
7,6234.08,1.97332,1.73343,1.13107,0.99794,0.21224,0.2012,0.13808,0.06896,1.827,1.55309,1.08722,0,0.028515,0.009505,0.028515,0.009505,0.028515,0.009505,0.028515,0.009505,0.0142575,0.0047525,0.05703,0.01901
8,6964.04,1.92927,1.6733,1.11377,0.99911,0.27832,0.20799,0.16287,0.08343,1.78565,1.46559,1.07655,0,0.0282675,0.0094225,0.0282675,0.0094225,0.0282675,0.0094225,0.0282675,0.0094225,0.0141338,0.00471125,0.056535,0.018845
9,7704.35,1.8947,1.62137,1.09163,0.9985,0.25858,0.22008,0.16843,0.08732,1.74841,1.45194,1.05868,0,0.02802,0.00934,0.02802,0.00934,0.02802,0.00934,0.02802,0.00934,0.01401,0.00467,0.05604,0.01868
10,8421.05,1.85944,1.584,1.08539,0.99869,0.27434,0.22939,0.18116,0.0944,1.72627,1.41782,1.05121,0,0.0277725,0.0092575,0.0277725,0.0092575,0.0277725,0.0092575,0.0277725,0.0092575,0.0138863,0.00462875,0.055545,0.018515
11,9094.92,1.83497,1.53881,1.06936,0.99918,0.25598,0.23043,0.17055,0.08986,1.74349,1.44936,1.04396,0,0.027525,0.009175,0.027525,0.009175,0.027525,0.009175,0.027525,0.009175,0.0137625,0.0045875,0.05505,0.01835
12,9766.86,1.81013,1.51625,1.05774,0.99862,0.40306,0.24292,0.19393,0.10254,1.70735,1.41127,1.03026,0,0.0272775,0.0090925,0.0272775,0.0090925,0.0272775,0.0090925,0.0272775,0.0090925,0.0136387,0.00454625,0.054555,0.018185
13,10443.3,1.78624,1.47939,1.04987,0.99926,0.28738,0.24893,0.18845,0.09987,1.69425,1.40406,1.01648,0,0.02703,0.00901,0.02703,0.00901,0.02703,0.00901,0.02703,0.00901,0.013515,0.004505,0.05406,0.01802
14,11120.7,1.78237,1.47291,1.04287,0.999,0.43541,0.2509,0.22421,0.11842,1.65657,1.32706,1.01499,0,0.0267825,0.0089275,0.0267825,0.0089275,0.0267825,0.0089275,0.0267825,0.0089275,0.0133912,0.00446375,0.053565,0.017855
15,11806.7,1.76957,1.45117,1.03596,0.99939,0.31155,0.26467,0.22045,0.11565,1.66081,1.31943,1.00908,0,0.026535,0.008845,0.026535,0.008845,0.026535,0.008845,0.026535,0.008845,0.0132675,0.0044225,0.05307,0.01769
16,12480.1,1.76773,1.43546,1.02636,0.9992,0.37259,0.26287,0.22917,0.12195,1.64997,1.31487,0.99941,0,0.0262875,0.0087625,0.0262875,0.0087625,0.0262875,0.0087625,0.0262875,0.0087625,0.0131437,0.00438125,0.052575,0.017525
17,13153.4,1.74864,1.42635,1.02402,0.99957,0.3693,0.26749,0.23733,0.12769,1.62521,1.28517,0.98924,0,0.02604,0.00868,0.02604,0.00868,0.02604,0.00868,0.02604,0.00868,0.01302,0.00434,0.05208,0.01736
18,13842.7,1.74735,1.41042,1.01529,0.9994,0.3592,0.27064,0.23944,0.12879,1.61754,1.27348,0.9881,0,0.0257925,0.0085975,0.0257925,0.0085975,0.0257925,0.0085975,0.0257925,0.0085975,0.0128962,0.00429875,0.051585,0.017195
19,14521.1,1.72616,1.39513,1.00742,0.99943,0.36483,0.27377,0.24426,0.13224,1.61664,1.27137,0.98659,0,0.025545,0.008515,0.025545,0.008515,0.025545,0.008515,0.025545,0.008515,0.0127725,0.0042575,0.05109,0.01703
20,15203.9,1.73374,1.39222,1.00576,0.99972,0.38131,0.27628,0.24502,0.13262,1.60648,1.26595,0.98172,0,0.0252975,0.0084325,0.0252975,0.0084325,0.0252975,0.0084325,0.0252975,0.0084325,0.0126488,0.00421625,0.050595,0.016865
21,15892.7,1.71651,1.37579,0.99939,0.99955,0.39669,0.27463,0.24971,0.13635,1.59817,1.2581,0.97581,0,0.02505,0.00835,0.02505,0.00835,0.02505,0.00835,0.02505,0.00835,0.012525,0.004175,0.0501,0.0167
22,16575,1.71074,1.36074,0.9966,0.99984,0.44167,0.27239,0.25754,0.14107,1.59456,1.24019,0.97223,0,0.0248025,0.0082675,0.0248025,0.0082675,0.0248025,0.0082675,0.0248025,0.0082675,0.0124012,0.00413375,0.049605,0.016535
23,17260.2,1.70063,1.34688,0.98841,0.99908,0.38477,0.29065,0.26374,0.14569,1.57993,1.22892,0.96909,0,0.024555,0.008185,0.024555,0.008185,0.024555,0.008185,0.024555,0.008185,0.0122775,0.0040925,0.04911,0.01637
24,17941.1,1.68261,1.33173,0.98568,0.99988,0.39022,0.29562,0.26756,0.14843,1.58229,1.22398,0.96861,0,0.0243075,0.0081025,0.0243075,0.0081025,0.0243075,0.0081025,0.0243075,0.0081025,0.0121537,0.00405125,0.048615,0.016205
25,18626.9,1.6847,1.3295,0.98464,0.99999,0.40936,0.28478,0.2627,0.14342,1.5736,1.22897,0.96479,0,0.02406,0.00802,0.02406,0.00802,0.02406,0.00802,0.02406,0.00802,0.01203,0.00401,0.04812,0.01604
26,19320.1,1.67782,1.31994,0.98285,0.99978,0.40323,0.29687,0.26864,0.14734,1.56301,1.21823,0.95841,0,0.0238125,0.0079375,0.0238125,0.0079375,0.0238125,0.0079375,0.0238125,0.0079375,0.0119062,0.00396875,0.047625,0.015875
27,19999.7,1.66913,1.30858,0.97827,0.99919,0.38897,0.3033,0.27593,0.15279,1.55013,1.19808,0.95696,0,0.023565,0.007855,0.023565,0.007855,0.023565,0.007855,0.023565,0.007855,0.0117825,0.0039275,0.04713,0.01571
28,20684.7,1.66292,1.30084,0.97545,1.00042,0.39036,0.30764,0.27148,0.1515,1.55004,1.19807,0.9548,0,0.0233175,0.0077725,0.0233175,0.0077725,0.0233175,0.0077725,0.0233175,0.0077725,0.0116587,0.00388625,0.046635,0.015545
29,21370.2,1.65402,1.28725,0.97271,0.99984,0.39587,0.31084,0.27857,0.15509,1.53701,1.18931,0.95089,0,0.02307,0.00769,0.02307,0.00769,0.02307,0.00769,0.02307,0.00769,0.011535,0.003845,0.04614,0.01538
30,22075.9,1.64943,1.28568,0.97212,0.99966,0.39567,0.31009,0.28531,0.15854,1.5359,1.18038,0.95102,0,0.0228225,0.0076075,0.0228225,0.0076075,0.0228225,0.0076075,0.0228225,0.0076075,0.0114112,0.00380375,0.045645,0.015215
31,22820.2,1.64138,1.27934,0.96718,0.99984,0.41549,0.31205,0.28792,0.16012,1.53782,1.17199,0.94901,0,0.022575,0.007525,0.022575,0.007525,0.022575,0.007525,0.022575,0.007525,0.0112875,0.0037625,0.04515,0.01505
32,23563.7,1.63739,1.26847,0.96628,1.00007,0.39693,0.31613,0.28714,0.16137,1.52701,1.16859,0.94468,0,0.0223275,0.0074425,0.0223275,0.0074425,0.0223275,0.0074425,0.0223275,0.0074425,0.0111638,0.00372125,0.044655,0.014885
33,24337.2,1.63695,1.26195,0.96616,0.99993,0.41878,0.31209,0.29408,0.16498,1.52161,1.158,0.94506,0,0.02208,0.00736,0.02208,0.00736,0.02208,0.00736,0.02208,0.00736,0.01104,0.00368,0.04416,0.01472
34,25100.8,1.62706,1.25379,0.96207,0.99974,0.40746,0.31667,0.29111,0.16231,1.5163,1.15241,0.94316,0,0.0218325,0.0072775,0.0218325,0.0072775,0.0218325,0.0072775,0.0218325,0.0072775,0.0109162,0.00363875,0.043665,0.014555
35,25854.2,1.62845,1.2488,0.95816,1.00027,0.41138,0.3219,0.29396,0.16452,1.51346,1.14859,0.9397,0,0.021585,0.007195,0.021585,0.007195,0.021585,0.007195,0.021585,0.007195,0.0107925,0.0035975,0.04317,0.01439
36,26603.5,1.61975,1.24096,0.95716,1.00007,0.41369,0.32111,0.29483,0.16586,1.51304,1.15207,0.94164,0,0.0213375,0.0071125,0.0213375,0.0071125,0.0213375,0.0071125,0.0213375,0.0071125,0.0106687,0.00355625,0.042675,0.014225
37,27356.4,1.61409,1.24018,0.95615,0.99942,0.42059,0.31587,0.29737,0.16613,1.50996,1.14434,0.93703,0,0.02109,0.00703,0.02109,0.00703,0.02109,0.00703,0.02109,0.00703,0.010545,0.003515,0.04218,0.01406
38,28115.5,1.60598,1.23129,0.95519,0.99997,0.42356,0.31852,0.30009,0.16779,1.50611,1.143,0.93721,0,0.0208425,0.0069475,0.0208425,0.0069475,0.0208425,0.0069475,0.0208425,0.0069475,0.0104212,0.00347375,0.041685,0.013895
39,28866.2,1.59706,1.21808,0.95139,1.00012,0.41665,0.32547,0.29988,0.1686,1.49691,1.13749,0.93563,0,0.020595,0.006865,0.020595,0.006865,0.020595,0.006865,0.020595,0.006865,0.0102975,0.0034325,0.04119,0.01373
40,29567.2,1.60003,1.21832,0.95008,1.00031,0.41791,0.32804,0.30425,0.17123,1.49281,1.13091,0.93266,0,0.0203475,0.0067825,0.0203475,0.0067825,0.0203475,0.0067825,0.0203475,0.0067825,0.0101738,0.00339125,0.040695,0.013565
41,30263.9,1.59636,1.20938,0.9467,0.99944,0.41885,0.32896,0.3057,0.17141,1.48839,1.12516,0.93117,0,0.0201,0.0067,0.0201,0.0067,0.0201,0.0067,0.0201,0.0067,0.01005,0.00335,0.0402,0.0134
42,31024.1,1.59483,1.20851,0.94578,0.99997,0.41652,0.33288,0.30615,0.17242,1.4924,1.12675,0.93261,0,0.0198525,0.0066175,0.0198525,0.0066175,0.0198525,0.0066175,0.0198525,0.0066175,0.00992625,0.00330875,0.039705,0.013235
43,31721.4,1.59767,1.20437,0.94579,1.00043,0.41877,0.33028,0.30777,0.17318,1.49143,1.12559,0.93182,0,0.019605,0.006535,0.019605,0.006535,0.019605,0.006535,0.019605,0.006535,0.0098025,0.0032675,0.03921,0.01307
44,32423.2,1.5848,1.19444,0.94229,0.99973,0.42546,0.33031,0.31086,0.1758,1.48241,1.1171,0.92842,0,0.0193575,0.0064525,0.0193575,0.0064525,0.0193575,0.0064525,0.0193575,0.0064525,0.00967875,0.00322625,0.038715,0.012905
45,33128.4,1.57854,1.19015,0.94085,0.99988,0.41208,0.33249,0.30782,0.173,1.48671,1.11465,0.92937,0,0.01911,0.00637,0.01911,0.00637,0.01911,0.00637,0.01911,0.00637,0.009555,0.003185,0.03822,0.01274
46,33827.6,1.5772,1.18843,0.94411,0.99995,0.42827,0.33602,0.31278,0.17597,1.48229,1.11256,0.92735,0,0.0188625,0.0062875,0.0188625,0.0062875,0.0188625,0.0062875,0.0188625,0.0062875,0.00943125,0.00314375,0.037725,0.012575
47,34519.4,1.57351,1.18874,0.94242,0.99989,0.42296,0.33429,0.31087,0.17537,1.48094,1.11072,0.92695,0,0.018615,0.006205,0.018615,0.006205,0.018615,0.006205,0.018615,0.006205,0.0093075,0.0031025,0.03723,0.01241
48,35227.4,1.56805,1.17791,0.94024,1,0.44146,0.33358,0.31593,0.17874,1.47761,1.10952,0.92596,0,0.0183675,0.0061225,0.0183675,0.0061225,0.0183675,0.0061225,0.0183675,0.0061225,0.00918375,0.00306125,0.036735,0.012245
49,35932.6,1.56183,1.17653,0.93909,1.00022,0.42872,0.33445,0.3155,0.17782,1.47445,1.10559,0.92492,0,0.01812,0.00604,0.01812,0.00604,0.01812,0.00604,0.01812,0.00604,0.00906,0.00302,0.03624,0.01208
50,36633.7,1.56645,1.17399,0.93635,0.99985,0.42694,0.34081,0.31797,0.1792,1.47255,1.10002,0.92415,0,0.0178725,0.0059575,0.0178725,0.0059575,0.0178725,0.0059575,0.0178725,0.0059575,0.00893625,0.00297875,0.035745,0.011915
51,37353.3,1.56192,1.16561,0.93606,0.99998,0.42811,0.34276,0.32235,0.18206,1.466,1.09644,0.92217,0,0.017625,0.005875,0.017625,0.005875,0.017625,0.005875,0.017625,0.005875,0.0088125,0.0029375,0.03525,0.01175
52,38034.8,1.55568,1.16455,0.93264,1,0.4324,0.33973,0.32011,0.18027,1.46691,1.0965,0.92144,0,0.0173775,0.0057925,0.0173775,0.0057925,0.0173775,0.0057925,0.0173775,0.0057925,0.00868875,0.00289625,0.034755,0.011585
53,38700.2,1.55474,1.156,0.93609,0.99993,0.44141,0.33882,0.32204,0.18235,1.4637,1.09374,0.92201,0,0.01713,0.00571,0.01713,0.00571,0.01713,0.00571,0.01713,0.00571,0.008565,0.002855,0.03426,0.01142
54,39384.9,1.54579,1.14908,0.93427,0.99971,0.44623,0.33919,0.32498,0.18501,1.46196,1.08874,0.92011,0,0.0168825,0.0056275,0.0168825,0.0056275,0.0168825,0.0056275,0.0168825,0.0056275,0.00844125,0.00281375,0.033765,0.011255
55,40059.7,1.55614,1.15553,0.93351,1.00018,0.44789,0.34327,0.32627,0.18506,1.458,1.08803,0.91991,0,0.016635,0.005545,0.016635,0.005545,0.016635,0.005545,0.016635,0.005545,0.0083175,0.0027725,0.03327,0.01109
56,40737.4,1.54382,1.1448,0.92896,1.00004,0.44274,0.34363,0.326,0.18416,1.45551,1.08304,0.91952,0,0.0163875,0.0054625,0.0163875,0.0054625,0.0163875,0.0054625,0.0163875,0.0054625,0.00819375,0.00273125,0.032775,0.010925
57,41420.3,1.54618,1.14254,0.93065,1.00028,0.44473,0.34124,0.32555,0.18432,1.45591,1.0852,0.91877,0,0.01614,0.00538,0.01614,0.00538,0.01614,0.00538,0.01614,0.00538,0.00807,0.00269,0.03228,0.01076
58,42090,1.5432,1.1382,0.92837,0.99936,0.45221,0.34044,0.32699,0.18585,1.45395,1.08014,0.91777,0,0.0158925,0.0052975,0.0158925,0.0052975,0.0158925,0.0052975,0.0158925,0.0052975,0.00794625,0.00264875,0.031785,0.010595
59,42770.2,1.53639,1.13332,0.92646,1.00059,0.4495,0.34488,0.33148,0.18903,1.45185,1.07731,0.91596,0,0.015645,0.005215,0.015645,0.005215,0.015645,0.005215,0.015645,0.005215,0.0078225,0.0026075,0.03129,0.01043
60,43443.7,1.53517,1.13372,0.92884,0.99998,0.44773,0.34797,0.33222,0.18981,1.45316,1.07819,0.91663,0,0.0153975,0.0051325,0.0153975,0.0051325,0.0153975,0.0051325,0.0153975,0.0051325,0.00769875,0.00256625,0.030795,0.010265
61,44120.8,1.5374,1.12956,0.92625,0.99969,0.45281,0.34441,0.33193,0.18918,1.44841,1.0745,0.91591,0,0.01515,0.00505,0.01515,0.00505,0.01515,0.00505,0.01515,0.00505,0.007575,0.002525,0.0303,0.0101
62,44793.6,1.53401,1.12825,0.92673,0.99994,0.44362,0.35126,0.33489,0.19056,1.44633,1.07058,0.91481,0,0.0149025,0.0049675,0.0149025,0.0049675,0.0149025,0.0049675,0.0149025,0.0049675,0.00745125,0.00248375,0.029805,0.009935
63,45466.2,1.52973,1.12407,0.92312,0.99992,0.44151,0.35619,0.33309,0.1889,1.44703,1.07136,0.91523,0,0.014655,0.004885,0.014655,0.004885,0.014655,0.004885,0.014655,0.004885,0.0073275,0.0024425,0.02931,0.00977
64,46139.3,1.52707,1.11817,0.9228,1.00038,0.44885,0.35437,0.33424,0.19016,1.44722,1.06828,0.91408,0,0.0144075,0.0048025,0.0144075,0.0048025,0.0144075,0.0048025,0.0144075,0.0048025,0.00720375,0.00240125,0.028815,0.009605
65,46823,1.52743,1.12301,0.92134,0.99996,0.44765,0.35647,0.33793,0.19189,1.44582,1.06753,0.91386,0,0.01416,0.00472,0.01416,0.00472,0.01416,0.00472,0.01416,0.00472,0.00708,0.00236,0.02832,0.00944
66,47500.3,1.52291,1.11277,0.92341,0.99956,0.4528,0.35503,0.33782,0.19175,1.44298,1.06549,0.91234,0,0.0139125,0.0046375,0.0139125,0.0046375,0.0139125,0.0046375,0.0139125,0.0046375,0.00695625,0.00231875,0.027825,0.009275
67,48178.4,1.5225,1.1153,0.92145,1.00017,0.45516,0.35143,0.33753,0.19251,1.43978,1.0635,0.9115,0,0.013665,0.004555,0.013665,0.004555,0.013665,0.004555,0.013665,0.004555,0.0068325,0.0022775,0.02733,0.00911
68,48867.5,1.51687,1.11043,0.92065,1.00003,0.45644,0.34893,0.33778,0.19314,1.43984,1.06072,0.9118,0,0.0134175,0.0044725,0.0134175,0.0044725,0.0134175,0.0044725,0.0134175,0.0044725,0.00670875,0.00223625,0.026835,0.008945
69,49541.1,1.51296,1.10567,0.91825,1.00018,0.45908,0.35133,0.3379,0.19314,1.43828,1.06073,0.91086,0,0.01317,0.00439,0.01317,0.00439,0.01317,0.00439,0.01317,0.00439,0.006585,0.002195,0.02634,0.00878
70,50224.6,1.5148,1.10379,0.91595,0.99978,0.45772,0.35644,0.33875,0.19337,1.43848,1.06088,0.91017,0,0.0129225,0.0043075,0.0129225,0.0043075,0.0129225,0.0043075,0.0129225,0.0043075,0.00646125,0.00215375,0.025845,0.008615
71,50903.5,1.51605,1.10535,0.91955,1.00009,0.47433,0.35037,0.34225,0.19517,1.43689,1.05665,0.91069,0,0.012675,0.004225,0.012675,0.004225,0.012675,0.004225,0.012675,0.004225,0.0063375,0.0021125,0.02535,0.00845
72,51584.4,1.51833,1.10603,0.91775,1.00007,0.46909,0.35706,0.3428,0.19542,1.43384,1.05464,0.90969,0,0.0124275,0.0041425,0.0124275,0.0041425,0.0124275,0.0041425,0.0124275,0.0041425,0.00621375,0.00207125,0.024855,0.008285
73,52291.4,1.5025,1.09099,0.91346,0.99964,0.46105,0.35842,0.34366,0.19606,1.43579,1.05329,0.90963,0,0.01218,0.00406,0.01218,0.00406,0.01218,0.00406,0.01218,0.00406,0.00609,0.00203,0.02436,0.00812
74,52967.7,1.51151,1.0992,0.91543,1.00032,0.45992,0.36145,0.34407,0.19577,1.43515,1.05127,0.90828,0,0.0119325,0.0039775,0.0119325,0.0039775,0.0119325,0.0039775,0.0119325,0.0039775,0.00596625,0.00198875,0.023865,0.007955
75,53653.2,1.51307,1.09422,0.91468,0.99976,0.46659,0.36084,0.3442,0.19607,1.43365,1.05116,0.90787,0,0.011685,0.003895,0.011685,0.003895,0.011685,0.003895,0.011685,0.003895,0.0058425,0.0019475,0.02337,0.00779
76,54339.4,1.50355,1.09044,0.91359,1.00023,0.47105,0.35757,0.34549,0.19696,1.43414,1.05045,0.90797,0,0.0114375,0.0038125,0.0114375,0.0038125,0.0114375,0.0038125,0.0114375,0.0038125,0.00571875,0.00190625,0.022875,0.007625
77,55023.9,1.50423,1.0868,0.91413,1.00007,0.47555,0.35741,0.3461,0.19752,1.43376,1.04934,0.90906,0,0.01119,0.00373,0.01119,0.00373,0.01119,0.00373,0.01119,0.00373,0.005595,0.001865,0.02238,0.00746
78,55703.7,1.50031,1.08031,0.91435,0.99987,0.47162,0.3571,0.34549,0.1964,1.43137,1.04814,0.90802,0,0.0109425,0.0036475,0.0109425,0.0036475,0.0109425,0.0036475,0.0109425,0.0036475,0.00547125,0.00182375,0.021885,0.007295
79,56384.5,1.49429,1.07777,0.91175,0.99968,0.46638,0.35819,0.34631,0.19719,1.43101,1.04507,0.90785,0,0.010695,0.003565,0.010695,0.003565,0.010695,0.003565,0.010695,0.003565,0.0053475,0.0017825,0.02139,0.00713
80,57077.3,1.49011,1.07486,0.91444,1.00015,0.46525,0.3601,0.34694,0.19712,1.43012,1.04505,0.90797,0,0.0104475,0.0034825,0.0104475,0.0034825,0.0104475,0.0034825,0.0104475,0.0034825,0.00522375,0.00174125,0.020895,0.006965
81,57763.2,1.49669,1.07886,0.91279,1.00026,0.46943,0.35714,0.34782,0.19827,1.42988,1.04447,0.90772,0,0.0102,0.0034,0.0102,0.0034,0.0102,0.0034,0.0102,0.0034,0.0051,0.0017,0.0204,0.0068
82,58447.2,1.49346,1.07424,0.91103,0.99959,0.4694,0.35788,0.34629,0.19744,1.42923,1.04407,0.90708,0,0.0099525,0.0033175,0.0099525,0.0033175,0.0099525,0.0033175,0.0099525,0.0033175,0.00497625,0.00165875,0.019905,0.006635
83,59136.3,1.48686,1.0697,0.9099,0.99991,0.47541,0.35562,0.34761,0.19816,1.42784,1.04243,0.90651,0,0.009705,0.003235,0.009705,0.003235,0.009705,0.003235,0.009705,0.003235,0.0048525,0.0016175,0.01941,0.00647
84,59819.3,1.48749,1.06783,0.9117,1.00053,0.47487,0.35503,0.34759,0.19772,1.42736,1.04044,0.90603,0,0.0094575,0.0031525,0.0094575,0.0031525,0.0094575,0.0031525,0.0094575,0.0031525,0.00472875,0.00157625,0.018915,0.006305
85,60507.6,1.48439,1.06578,0.9109,0.99962,0.4752,0.3592,0.34935,0.19891,1.42501,1.03932,0.90565,0,0.00921,0.00307,0.00921,0.00307,0.00921,0.00307,0.00921,0.00307,0.004605,0.001535,0.01842,0.00614
86,61195.1,1.48172,1.06093,0.90618,1.00008,0.46685,0.36067,0.34863,0.19794,1.42572,1.04063,0.90547,0,0.0089625,0.0029875,0.0089625,0.0029875,0.0089625,0.0029875,0.0089625,0.0029875,0.00448125,0.00149375,0.017925,0.005975
87,61893.3,1.48071,1.06332,0.90937,1.00006,0.47429,0.35741,0.34932,0.19857,1.4235,1.03844,0.90471,0,0.008715,0.002905,0.008715,0.002905,0.008715,0.002905,0.008715,0.002905,0.0043575,0.0014525,0.01743,0.00581
88,62596.7,1.48707,1.06243,0.91049,0.99986,0.47429,0.36197,0.35105,0.20002,1.42346,1.03812,0.90488,0,0.0084675,0.0028225,0.0084675,0.0028225,0.0084675,0.0028225,0.0084675,0.0028225,0.00423375,0.00141125,0.016935,0.005645
89,63285.1,1.47783,1.05654,0.90722,0.99984,0.47993,0.3592,0.35273,0.20068,1.42519,1.03794,0.90552,0,0.00822,0.00274,0.00822,0.00274,0.00822,0.00274,0.00822,0.00274,0.00411,0.00137,0.01644,0.00548
90,63980,1.48578,1.06227,0.90722,1.00014,0.4782,0.3601,0.35184,0.20042,1.42463,1.03709,0.90525,0,0.0079725,0.0026575,0.0079725,0.0026575,0.0079725,0.0026575,0.0079725,0.0026575,0.00398625,0.00132875,0.015945,0.005315
91,64708,1.47495,1.0524,0.90841,1.00026,0.47627,0.36336,0.35073,0.20026,1.42461,1.03719,0.90502,0,0.007725,0.002575,0.007725,0.002575,0.007725,0.002575,0.007725,0.002575,0.0038625,0.0012875,0.01545,0.00515
92,65401.7,1.48023,1.05735,0.90822,0.99994,0.47248,0.36518,0.35098,0.1999,1.42282,1.03708,0.90469,0,0.0074775,0.0024925,0.0074775,0.0024925,0.0074775,0.0024925,0.0074775,0.0024925,0.00373875,0.00124625,0.014955,0.004985
93,66105.4,1.47211,1.04462,0.90567,0.99979,0.47254,0.36496,0.35055,0.19984,1.42206,1.03666,0.90428,0,0.00723,0.00241,0.00723,0.00241,0.00723,0.00241,0.00723,0.00241,0.003615,0.001205,0.01446,0.00482
94,66846.5,1.48521,1.05352,0.90653,1.00008,0.47231,0.36611,0.35089,0.19993,1.42306,1.03603,0.90408,0,0.0069825,0.0023275,0.0069825,0.0023275,0.0069825,0.0023275,0.0069825,0.0023275,0.00349125,0.00116375,0.013965,0.004655
95,67542.9,1.46768,1.04285,0.90468,1.00011,0.47656,0.36109,0.35161,0.20051,1.42269,1.03472,0.90383,0,0.006735,0.002245,0.006735,0.002245,0.006735,0.002245,0.006735,0.002245,0.0033675,0.0011225,0.01347,0.00449
96,68254.6,1.47079,1.04513,0.90435,0.99976,0.47603,0.36265,0.35146,0.20081,1.42118,1.03355,0.90336,0,0.0064875,0.0021625,0.0064875,0.0021625,0.0064875,0.0021625,0.0064875,0.0021625,0.00324375,0.00108125,0.012975,0.004325
97,68962.5,1.46273,1.03623,0.90424,1.00024,0.47796,0.3624,0.35123,0.20101,1.42079,1.03337,0.90322,0,0.00624,0.00208,0.00624,0.00208,0.00624,0.00208,0.00624,0.00208,0.00312,0.00104,0.01248,0.00416
98,69672.6,1.46444,1.03852,0.90492,0.99964,0.47178,0.36509,0.3518,0.20123,1.42014,1.03321,0.90303,0,0.0059925,0.0019975,0.0059925,0.0019975,0.0059925,0.0019975,0.0059925,0.0019975,0.00299625,0.00099875,0.011985,0.003995
99,70376.9,1.45985,1.03795,0.90366,1.00032,0.47778,0.36428,0.35276,0.20199,1.42009,1.03192,0.90289,0,0.005745,0.001915,0.005745,0.001915,0.005745,0.001915,0.005745,0.001915,0.0028725,0.0009575,0.01149,0.00383
100,71078.8,1.46391,1.03189,0.90301,0.99965,0.48083,0.36212,0.35258,0.20209,1.42003,1.0312,0.90259,0,0.0054975,0.0018325,0.0054975,0.0018325,0.0054975,0.0018325,0.0054975,0.0018325,0.00274875,0.00091625,0.010995,0.003665
101,71787.8,1.46094,1.03711,0.90306,1.00013,0.48256,0.36131,0.35304,0.20211,1.419,1.03033,0.90214,0,0.00525,0.00175,0.00525,0.00175,0.00525,0.00175,0.00525,0.00175,0.002625,0.000875,0.0105,0.0035
102,72496.2,1.46764,1.03517,0.90216,0.99985,0.48761,0.35826,0.35369,0.20238,1.4188,1.02981,0.90197,0,0.0050025,0.0016675,0.0050025,0.0016675,0.0050025,0.0016675,0.0050025,0.0016675,0.00250125,0.00083375,0.010005,0.003335
103,73206.5,1.45631,1.0258,0.90103,1.00034,0.48663,0.35748,0.35327,0.20216,1.41905,1.02948,0.90209,0,0.004755,0.001585,0.004755,0.001585,0.004755,0.001585,0.004755,0.001585,0.0023775,0.0007925,0.00951,0.00317
104,73924,1.45253,1.02287,0.90313,1.00024,0.4847,0.35794,0.35374,0.2023,1.41897,1.02912,0.90182,0,0.0045075,0.0015025,0.0045075,0.0015025,0.0045075,0.0015025,0.0045075,0.0015025,0.00225375,0.00075125,0.009015,0.003005
105,74634,1.45089,1.02085,0.90168,0.99914,0.48153,0.3592,0.35369,0.20177,1.41862,1.02903,0.90174,0,0.00426,0.00142,0.00426,0.00142,0.00426,0.00142,0.00426,0.00142,0.00213,0.00071,0.00852,0.00284
106,75355.4,1.45918,1.02825,0.90217,1.0003,0.48551,0.3592,0.35351,0.20196,1.41819,1.02865,0.90149,0,0.0040125,0.0013375,0.0040125,0.0013375,0.0040125,0.0013375,0.0040125,0.0013375,0.00200625,0.00066875,0.008025,0.002675
107,76068.5,1.45262,1.01788,0.89923,0.99977,0.48001,0.36127,0.35367,0.20237,1.41731,1.02818,0.90158,0,0.003765,0.001255,0.003765,0.001255,0.003765,0.001255,0.003765,0.001255,0.0018825,0.0006275,0.00753,0.00251
108,76775.8,1.45722,1.02289,0.89983,1.0003,0.48251,0.36049,0.35431,0.20282,1.41705,1.02792,0.90166,0,0.0035175,0.0011725,0.0035175,0.0011725,0.0035175,0.0011725,0.0035175,0.0011725,0.00175875,0.00058625,0.007035,0.002345
109,77511.7,1.44701,1.01539,0.89858,0.99999,0.48985,0.35841,0.3543,0.20288,1.41751,1.02768,0.90189,0,0.00327,0.00109,0.00327,0.00109,0.00327,0.00109,0.00327,0.00109,0.001635,0.000545,0.00654,0.00218
110,78246.7,1.44658,1.01381,0.89733,0.99987,0.48838,0.35918,0.35472,0.20299,1.41732,1.02737,0.90188,0,0.0030225,0.0010075,0.0030225,0.0010075,0.0030225,0.0010075,0.0030225,0.0010075,0.00151125,0.00050375,0.006045,0.002015
111,79032.1,1.43032,0.99956,0.90184,1.00013,0.48568,0.36073,0.35386,0.2021,1.41789,1.02794,0.90185,0,0.002775,0.000925,0.002775,0.000925,0.002775,0.000925,0.002775,0.000925,0.0013875,0.0004625,0.00555,0.00185
112,79787.5,1.41598,0.98408,0.89924,1.00013,0.48346,0.36282,0.35353,0.20197,1.41877,1.02852,0.90178,0,0.0025275,0.0008425,0.0025275,0.0008425,0.0025275,0.0008425,0.0025275,0.0008425,0.00126375,0.00042125,0.005055,0.001685
113,80543,1.41602,0.98178,0.89836,0.99984,0.48102,0.36313,0.35343,0.20177,1.41895,1.02865,0.9017,0,0.00228,0.00076,0.00228,0.00076,0.00228,0.00076,0.00228,0.00076,0.00114,0.00038,0.00456,0.00152
114,81281.8,1.41778,0.97988,0.8975,0.99978,0.48542,0.36004,0.35336,0.20148,1.41991,1.02875,0.90176,0,0.0020325,0.0006775,0.0020325,0.0006775,0.0020325,0.0006775,0.0020325,0.0006775,0.00101625,0.00033875,0.004065,0.001355
115,81988.7,1.41412,0.9759,0.89671,1.00005,0.48681,0.35735,0.35321,0.20153,1.42077,1.02913,0.90174,0,0.001785,0.000595,0.001785,0.000595,0.001785,0.000595,0.001785,0.000595,0.0008925,0.0002975,0.00357,0.00119
116,82702.3,1.40693,0.97271,0.89774,1.00001,0.48642,0.35852,0.35303,0.20135,1.42125,1.02918,0.90183,0,0.0015375,0.0005125,0.0015375,0.0005125,0.0015375,0.0005125,0.0015375,0.0005125,0.00076875,0.00025625,0.003075,0.001025
117,83409.4,1.40932,0.9708,0.89549,0.99995,0.48433,0.35764,0.35272,0.2014,1.42149,1.0293,0.9018,0,0.00129,0.00043,0.00129,0.00043,0.00129,0.00043,0.00129,0.00043,0.000645,0.000215,0.00258,0.00086
118,84122.2,1.40723,0.96832,0.8963,1.0005,0.48087,0.35994,0.35235,0.20142,1.42242,1.02954,0.90195,0,0.0010425,0.0003475,0.0010425,0.0003475,0.0010425,0.0003475,0.0010425,0.0003475,0.00052125,0.00017375,0.002085,0.000695
119,84819.6,1.40156,0.96389,0.89419,0.99939,0.48018,0.35948,0.3527,0.20144,1.42236,1.02961,0.90189,0,0.000795,0.000265,0.000795,0.000265,0.000795,0.000265,0.000795,0.000265,0.0003975,0.0001325,0.00159,0.00053
120,85516,1.40437,0.96494,0.89595,1.00019,0.47794,0.3616,0.35275,0.20142,1.42271,1.02967,0.90187,0,0.0005475,0.0001825,0.0005475,0.0001825,0.0005475,0.0001825,0.0005475,0.0001825,0.00027375,9.125e-05,0.001095,0.000365
